USE GesTurnos;
      
DELETE FROM Aluno;
SELECT * FROM Aluno_UC;

INSERT INTO Aluno (Id, Nome, Senha, Curso, Estatuto, Media)
VALUES
('A1', 'João Silva', 'senha01', 'LEI', TRUE, 16.5),
('A2', 'Maria Santos', 'senha02', 'LEI', FALSE, 14.8),
('A3', 'Pedro Costa', 'senha03', 'LEI', TRUE, 18.2),
('A4', 'Ana Martins', 'senha04', 'LEI', FALSE, 12.4),
('A5', 'Rui Oliveira', 'senha05', 'LEI', TRUE, 15.9),
('A6', 'Carla Ferreira', 'senha06', 'LEI', FALSE, 13.7),
('A7', 'Tiago Moreira', 'senha07', 'LEI', TRUE, 17.0),
('A8', 'Sofia Almeida', 'senha08', 'LEI', FALSE, 14.2),
('A9', 'Miguel Lopes', 'senha09', 'LEI', TRUE, 16.8),
('A10', 'Beatriz Ribeiro', 'senha10', 'LEI', FALSE, 13.5),
('A11', 'Ricardo Fonseca', 'senha11', 'LEI', TRUE, 17.5),
('A12', 'Helena Monteiro', 'senha12', 'LEI', FALSE, 15.0),
('A13', 'André Lima', 'senha13', 'LEI', TRUE, 18.7),
('A14', 'Catarina Dias', 'senha14', 'LEI', FALSE, 14.1),
('A15', 'Luís Pereira', 'senha15', 'LEI', TRUE, 15.3),
('A16', 'Marta Gomes', 'senha16', 'LEI', FALSE, 12.7),
('A17', 'Fábio Nunes', 'senha17', 'LEI', TRUE, 19.0),
('A18', 'Joana Figueiredo', 'senha18', 'LEI', FALSE, 14.5),
('A19', 'Bruno Rodrigues', 'senha19', 'LEI', TRUE, 16.2),
('A20', 'Inês Matos', 'senha20', 'LEI', FALSE, 13.8),
('A21', 'Carlos Santos', 'senha21', 'LEI', TRUE, 17.3),
('A22', 'Rita Castro', 'senha22', 'LEI', FALSE, 14.9),
('A23', 'Gabriel Cardoso', 'senha23', 'LEI', TRUE, 16.6),
('A24', 'Diana Cunha', 'senha24', 'LEI', FALSE, 13.2),
('A25', 'Paulo Mendes', 'senha25', 'LEI', TRUE, 18.0),
('A26', 'Sara Neves', 'senha26', 'LEI', FALSE, 15.4),
('A27', 'Artur Magalhães', 'senha27', 'LEI', TRUE, 16.1),
('A28', 'Carolina Vieira', 'senha28', 'LEI', FALSE, 12.9),
('A29', 'Eduardo Alves', 'senha29', 'LEI', TRUE, 14.7),
('A30', 'Tânia Ramos', 'senha30', 'LEI', FALSE, 13.6),
('A31', 'Hugo Ribeiro', 'senha31', 'LEI', TRUE, 17.8),
('A32', 'Teresa Lopes', 'senha32', 'LEI', FALSE, 14.4),
('A33', 'Fernando Costa', 'senha33', 'LEI', TRUE, 15.2),
('A34', 'Patrícia Silva', 'senha34', 'LEI', FALSE, 13.1),
('A35', 'Nuno Barbosa', 'senha35', 'LEI', TRUE, 18.3),
('A36', 'Raquel Oliveira', 'senha36', 'LEI', FALSE, 15.7),
('A37', 'Vítor Freitas', 'senha37', 'LEI', TRUE, 14.3),
('A38', 'Cláudia Martins', 'senha38', 'LEI', FALSE, 13.4),
('A39', 'Alexandre Teixeira', 'senha39', 'LEI', TRUE, 16.4),
('A40', 'Isabel Pires', 'senha40', 'LEI', FALSE, 12.8),
('A41', 'Renato Sousa', 'senha41', 'LEI', TRUE, 17.1),
('A42', 'Filipa Marques', 'senha42', 'LEI', FALSE, 14.6),
('A43', 'Gustavo Antunes', 'senha43', 'LEI', TRUE, 15.8),
('A44', 'Vanessa Correia', 'senha44', 'LEI', FALSE, 13.3),
('A45', 'Manuel Faria', 'senha45', 'LEI', TRUE, 18.4),
('A46', 'Letícia Brito', 'senha46', 'LEI', FALSE, 15.6),
('A47', 'Otávio Nascimento', 'senha47', 'LEI', TRUE, 16.0),
('A48', 'Paula Macedo', 'senha48', 'LEI', FALSE, 14.0),
('A49', 'Rafael Silva', 'senha49', 'LEI', TRUE, 19.2),
('A50', 'Vera Almeida', 'senha50', 'LEI', FALSE, 13.9);
    
INSERT INTO Diretor
	(Id, Nome, Senha, Curso) 
    VALUES
    ('d1','Manuel Lima','lei2024','LEI');

INSERT INTO Uc 
	(Id,Nome) 
    VALUES
    ('1','Cálculo de Programas'),
    ('2','Desenvolvimento de Sistemas de Software'),
    ('3','Laboratórios de Informática 4'),
    ('4','Comunicações por Computador'),
    ('5','Inteligência Artificial'),
    ('6','Sistemas Distribuídos');
    
INSERT INTO Turno 
	(Id, HoraInicio, HoraFim, DiaSemana, Tipo, Id_Sala, Id_Uc, Restricao, Capacidade, LugaresReservados)
	VALUES
    ('1','09:00','11:00','Segunda','TP','2.18','5','NENHUMA','50','0'),
    ('2','09:00','11:00','Segunda','TP','2.09','2','NENHUMA','50','0'),
    ('3','11:00','13:00','Segunda','TP','2.09','5','ESTATUTO','50','0'),
    ('4','11:00','13:00','Segunda','TP','1.27','5','LIMITE_ALUNOS','45','0'),
	('5','11:00','13:00','Segunda','TP','2.11','2','NENHUMA','50','0'),
	('6','11:00','13:00','Segunda','TP','2.20','2','NENHUMA','50','0'),
    ('7','09:00','11:00','Terça','TP','1.22','6','NENHUMA','45','0'),
    ('8','09:00','11:00','Terça','TP','2.18','4','NENHUMA','50','0'),
    ('9','11:00','13:00','Terça','TP','2.11','5','NENHUMA','50','0'),
	('10','11:00','13:00','Terça','TP','1.04','6','NENHUMA','45','0'),
	('11','11:00','13:00','Terça','TP','2.03','2','NENHUMA','50','0'),
    ('12','11:00','13:00','Terça','TP','1.21','4','NENHUMA','45','0'),
    ('13','11:00','13:00','Terça','TP','1.13','4','NENHUMA','45','0'),
    ('14','09:00','11:00','Quarta','TP','2.27','1','ESTATUTO','50','0'),
    ('15','11:00','13:00','Quarta','TP','2.12','4','NENHUMA','50','0'),
    ('16','11:00','13:00','Quarta','TP','2.07','1','NENHUMA','50','0'),
    ('17','11:00','13:00','Quarta','TP','2.10','1','NENHUMA','50','0'),
    ('18','09:00','11:00','Quinta','TP','0.17','6','NENHUMA','45','0'),
    ('19','09:00','11:00','Quinta','TP','2.01','6','ESTATUTO','40','0'),
    ('20','09:00','11:00','Quinta','TP','2.11','4','NENHUMA','50','0'),
    ('21','11:00','13:00','Quinta','TP','2.01','6','NENHUMA','40','0'),
    ('22','11:00','13:00','Quinta','TP','2.11','4','LIMITE_ALUNOS','50','0'),
    ('23','09:00','11:00','Sexta','T','0.07','4','NENHUMA','100','0'),
    ('24','09:00','11:00','Sexta','T','0.01','1','NENHUMA','100','0'),
    ('25','11:00','13:00','Sexta','TP','1.12','6','NENHUMA','50','0'),
    ('26','11:00','13:00','Sexta','TP','2.14','6','ESTATUTO','50','0'),
    ('27','11:00','13:00','Sexta','TP','2.01','4','NENHUMA','40','0'),
    ('28','14:00','16:00','Segunda','TP','0.14','5','NENHUMA','45','0'),
	('29','14:00','16:00','Segunda','TP','1.03','2','ESTATUTO','50','0'),
	('30','16:00','18:00','Segunda','T','0.08','5','NENHUMA','200','0'),
	('31','18:00','20:00','Segunda','TP','2.07','5','NENHUMA','50','0'),
	('32','18:00','20:00','Segunda','TP','1.05','1','NENHUMA','50','0'),
	('33','14:00','16:00','Terça','TP','0.11','3','NENHUMA','50','0'),
	('34','16:00','18:00','Terca','T','0.08','6','NENHUMA','200','0'),
	('35','18:00','20:00','Terca','TP','1.22','1','LIMITE_ALUNOS','45','0'),
	('36','13:30','14:30','Quarta','TP','2.02','3','NENHUMA','45','0'),
	('37','14:30','15:30','Quarta','TP','2.02','3','NENHUMA','45','0'),
	('38','15:30','17:30','Quarta','T','0.08','2','NENHUMA','200','0'),
	('39','17:30','19:30','Quarta','T','0.08','3','NENHUMA','200','0'),
	('40','16:00','18:00','Quinta','T','0.07','4','NENHUMA','100','0'),
	('41','16:00','18:00','Quinta','T','0.20','1','NENHUMA','100','0'),
	('42','13:30','15:30','Sexta','TP','2.06','2','ESTATUTO','50','0');

INSERT INTO Sala 
	(Numero, Capacidade)
	VALUES
    ('2.18','50'),
    ('2.09','50'),
    ('1.27','45'),
    ('2.11','50'),
    ('2.20','50'),
    ('1.22','45'),
    ('1.04','45'),
    ('2.03','50'),
    ('1.21','45'),
    ('1.13','45'),
    ('2.27','50'),
    ('2.12','50'),
    ('2.10','50'),
    ('0.17','45'),
    ('2.01','40'),
    ('0.07','100'),
    ('0.01','100'),
    ('1.12','50'),
    ('2.14','50'),
    ('0.14','45'),
    ('1.03','50'),
    ('0.08','200'),
    ('2.07','50'),
    ('1.05','50'),
    ('0.11','50'),
    ('2.02','45'),
    ('0.20','100'),
    ('2.06','50');
    
INSERT INTO Aluno_UC 
	(Id_Uc, Id_Aluno)
    VALUES
    ('1', 'A1'), 
	('2', 'A1'), 
	('3', 'A1'),
    ('4', 'A1'),
    ('5', 'A1'),
    ('6', 'A1'),

	('1', 'A2'),
    ('2', 'A2'),
    ('3', 'A2'),
    ('4', 'A2'),
    ('5', 'A2'),
    ('6', 'A2'),
    
    ('1', 'A3'),
    ('2', 'A3'),
    ('3', 'A3'),
    ('4', 'A3'),
    ('5', 'A3'),
    ('6', 'A3'),
    
    ('1', 'A4'),
    ('2', 'A4'),
    ('3', 'A4'),
    ('4', 'A4'),
    ('5', 'A4'),
    ('6', 'A4'),
    
    ('1', 'A5'),
    ('2', 'A5'),
    ('3', 'A5'),
    ('4', 'A5'),
    ('5', 'A5'),
    ('6', 'A5'),
    
    ('1', 'A6'),
    ('2', 'A6'),
    ('3', 'A6'),
    ('4', 'A6'),
    ('5', 'A6'),
    ('6', 'A6'),
    
    ('1', 'A7'),
    ('2', 'A7'),
    ('3', 'A7'),
    ('4', 'A7'),
    ('5', 'A7'),
    ('6', 'A7'),
    
    ('1', 'A8'),
    ('2', 'A8'),
    ('3', 'A8'),
    ('4', 'A8'),
    ('5', 'A8'),
    ('6', 'A8'),
    
    ('1', 'A9'),
    ('2', 'A9'),
    ('3', 'A9'),
    ('4', 'A9'),
    ('5', 'A9'),
    ('6', 'A9'),
    
    ('1', 'A10'),
    ('2', 'A10'),
    ('3', 'A10'),
    ('4', 'A10'),
    ('5', 'A10'),
    ('6', 'A10');